(index),name,price,quantity
0,'Applegate Naturals Frozen Chicken & Maple Breakfast Sausage Links 10 ct (7 oz)','$6.79',1
1,'Applegate Naturals Frozen Chicken & Sage Breakfast Sausage 10 ct (7 oz)','$6.79',1
2,'Organic English Seedless Cucumber (each)','$2.69',1
3,'Organic Red Cello Beets (16 oz)','$2.99',1
4,'Private Selection Modena Balsamic Vinegar (8.45 oz)','$7.49',1
5,'Goldfish Baked Cheddar Snack Crackers Packs (1 oz x 9 ct)','$8.89',1
6,'Chomps Chomplings Sea Salt Beef Mini Meat Sticks (0.5 oz × 6 ct)','$11.39',1
7,'King Arthur Baking Company Organic Unbleached All Purpose Flour (5 lb)','$10.39',1
8,"""Bob's Red Mill Organic Unbleached White All Purpose Flour (5 lb)""",'$11.49',1
9,'King Arthur Baking Company Unbleached Bread Flour (10 lb)','0.00',1
10,"""Bob's Red Mill Bread Flour (5 lb)""",'$7.99',1
11,'Celtic Sea Salt Fine Ground (0.5 lb)','$10.99',1
12,'Diamond Crystal Salt Co. Kosher Salt Flakes (16 oz)','$6.89',1
13,'Kroger Alcohol Swabs (100 ct)','$3.58',2